project,seed-pair,T-test,U-test
commons-codec,"(0, 2024)",0.0038324919571743896,0.008658008658008658
commons-codec,"(0, 99999)",9.225990901891756e-12,0.0021645021645021645
commons-codec,"(2024, 99999)",9.523929963289439e-07,0.0021645021645021645
