project,seed-pair,T-test,U-test
commons-codec,"(0, 2024)",0.0013994477918022595,0.004329004329004329
commons-codec,"(0, 99999)",8.174614507918365e-05,0.0021645021645021645
commons-codec,"(2024, 99999)",0.021913835234577003,0.004329004329004329
